10009,0xef041462825bfdf79b2f1f02a70b2753cb5b1516
10011,0x38a76454ca9adc0e8150f6a5c97f729a481106db
10016,0x22296fc2421d5fe36e462123565f5f0737888888
10018,0x2d67755c3ea0f209dc4965950e57e4b703d270d0
10023,0x7557373ce7fa65bb3df822f4db45ebc74941d404
10028,0x3ee954a4bd5b65f0df1b9f596bfb11a6111ebc8b
10030,0x4c381276f4847255c675eab90c3409fa2fce68bc
10031,0x95be3d2282fe7efa0e84dbbd283e7410aea03dce
10039,0x307a4212628302e0be95f91f7c1f5c136aaadb53
10043,0x662103ddc568872e5adfce3b5e5ba0888860c59e
10046,0x8c55e66321c05efdee98999cf6692d1086404c1e
10047,0x246f8e0a1e44d790c909c2109259775e14111111
10049,0xc7ea21222716b63e39953c45b55e742a25155515
10061,0x00460446a5d7acdfd3fdcf3cf2f45cde60000690
10062,0x686a69694d58582cd9f36efd70cdc4f931331131
10063,0x66677777228ee3737f7d5d3a4ad494ec90700696
10065,0x512a46857a63adc36fa7f44d7833cfb85051dff5
10067,0xb852d019a810e96dbec31684c95876ea42111111
10070,0x23535535ecb2ce13732f9376ffd5f9a432353535
10073,0x533535559d2b5e8999461b5f109a762d72b07000
10076,0x175fdd91a22d840b795e69fef9f6c4a2f7512153
10078,0x47040000f99121d76e1d84126f96f1fc23663322
10080,0x105055c1a48466220ae8343df234f26f05555505
10084,0x8849bdf80394fc7ac4e937543a1470821642d40a
10085,0xf435b54ebbe3be95d9dc1ed75b4e53a0f5265efa
10088,0x92d899980e60dd9c4441893a386e1c0b88889988
10089,0x4468acb7fdad4544797288700d58da81df2d31c3
10090,0x548678d6bb65869038bcb26daac6ea337c222222
10093,0xba4d62b51c7dfee6b5d59dc41e024616abebcb85
10094,0x576847758a6a30c18b34be86ef6ad82562ecbbba
10095,0x41048e031807924df58953969abae8e892bd5426
10099,0xc9ca94bf53bd73a15c639c3b7b012d3b28da1658
10102,0x9b8729588ba1c3da81b197d6850f8d9db9cbd616
10104,0x999999999e79039c47b815036c89f86e9062200b
10105,0x5135671666656335a97ee5f29fe672efc399c1ee
10109,0x719319c1ce2460b9c35e3991dafce7cc2ddd5079
10110,0x940977a088ad9082a4cb0a70bdff5c1e77880994
10111,0x4468867da94931cfbb4565c9ab91079acb666666
10115,0xe55cd3fefdbbd8bdbf9d530346ffd26a4e8a9679
10118,0xabb315a609dacf9a428bf292d630ae9385225187
10120,0x899898997ea48fa4f60c206c8f87465265656536
10124,0x7e11ab21b4beba6f987bd768704eb1ee86ba02a1
10126,0xde5129514feb373b91d4f25158907c843d602ea8
10127,0xd24be0ba9dc85f25bd4b5cb069a27d02323307d7
10129,0xe4a8461c9909bf574a0155dfe6407344908bcc02
10136,0xb99959b80f40b8d35d98dd67511716c677775577
10141,0xeb44c5b25bf532a9b4880984e6fbc929532cdf67
10143,0x15433553a47ff24d584b677476a5c66319199911
10148,0x999999b2178a3d4d86df82ca1fb14f1f27629567
10152,0xe2527903084825856cfc9bec61cd2c89d7d7bc23
10162,0x84e29b54fc21f3821560cf6537bae5b243439769
10191,0x21bcd2807d303b7733867cbbf53954bbce835c84
10194,0x06e13ad9c9e1b2d6bc85e9b7b80cf74522e5207e
10195,0xc9d0f112f716bab08ba6f4127b65a73e172c6fa2
10200,0x0803a17c0d6f7c0ff22b22060eaa6be47710b379
10201,0x63a4ed7314c28f893e361b6f41975c3af0016a3e
10203,0x666336634db6d61f6f1b7526745355de799a7aa7
10208,0xd7c942270b1b9b4637c82dc6a8bd3d0f10e85cb3
10210,0x057d5524206966ced71668dde8917525bd2db98f
10214,0x9988899942052ce0c54ae69b1040d0ac0300ff39
10223,0x655656556bc2fd3f715f0b8bf76da1e45d2d22d5
10225,0x33166a0df72acbd4ed0f6afb7b2a14e992ec7d1b
10226,0xfacdfc17be3cff6e7a0161daccb7618cad4eb35b
10239,0x62626299e9e6a7d87dec5ed56da52bce58588008
10244,0xb1be7eceba2189a95d0eb649288e4e12faf7676a
10261,0xd3b72f5a99458f62d9a9cd08c24fbcd0abc899f3
10262,0x64ccd72e647ae1f27022673bd041d5a5c9c16a78
10263,0x1751bc2300ddeaf535fd3cf1b0a12edd05673037
10264,0x333398889d618d094f70d37f8e2f29a838306868
10266,0x73333333c8e2186e0ce600b44279ef03763a333a
10270,0x7777070734272872ef71e56d5781cb5866197099
10281,0x3b4f885158235d5647712e8b2eeaee50be79ffbb
10287,0x14fbe9f49bb56a48213ec0f83850a33e4324c3dd
10288,0x30c247a5fc7488324f7284856edcb4bba29ba14f
10290,0xb2a4cb03231f55cb9c84c763339a6875c314cd8e
10294,0xa3ac9988a89a35641e125a44105f96f787818a22
10295,0x9dbba345d5d8e0fa3a054433a5fba7bef1166391
10299,0xa134611a8706e994c5e3be2a59d3869d72eea7d4
10300,0x70819597262344033e3fc91431278d85538776cf
10301,0x0bb5119c929f60dce5f7e10f4ae00cdf3f127380
10312,0xa7b787c89cb65d92030b83acd25669f12cdc60f2
10316,0xd838d8fceb15f964b80852f7da4123e30b977450
10326,0x91a3b06f126f6c66e1f9d2c0a28a3a66d7a28bd8
10342,0x833846344dccadaa2cbc355576cc9ca844646666
10349,0x6329d703252a1cc03c3a052dde050ca66ece148a
10362,0x33bb6906d1508b0c9c2bee871bc0176bc3f98be0
10367,0x2c02f2e171e70c30e87a2af73b3f4d78c5e91b62
10379,0x63fd47d4033420465fc6ea5e350ba16e41a9aa1c
10401,0xf48ee2594ab498fd0ebc16ba3a36bc09c7cd2765
10415,0x2392b9d84a4273e238e19c2639aa3d8696c5daa6
10417,0x9a467e248369d87d39aed36ee5227b8f6518942d
10418,0x2284228837c2de107679e6314edb191e99759575
10419,0xeb5cedad29813b39f4474e225be74ff1a14a481d
10420,0x828286288f75631d766692b160071ee566666028
10422,0x6666669b66a19de28f03dd0d3419e82c9ee82678
10426,0x862c22e831c1e6f568f6ddf60d55def82b1a7200
10435,0xbedfca43611ec7dbd05a985a2690b1e0afd12ce7
10452,0x44419911ad7f6b0049d31eca037dc63344984419
10456,0xaf224b5f48ebdcf6d0c469260e3d976f213c3772
10467,0x791feb84b67a4a129e18d90fec8645e30c3bfeee
10487,0xbc1fa9361dc0bad04228f90e9e3b9d3c5d103e47
10490,0xd85368ec99e73f2743a8fe8c6dfeb379a9fdda70
10502,0xf8b1c43e6d999591266904951b50cc4f5a7e31ac
10519,0x5a269bc2af2fd45de080bbd7d30df9b4f82f4bb9
10535,0xaa4be89e3ce49bbb37d9efced616fa3ff66a7b39
10542,0xc587c14fc65ad171fae8b67017df3728f7f235ee
10553,0xea45c1f82a14f40aee56cf58366e30a0e6cec596
10564,0xe1a606da4bbd12624553d5834631317a3ff2f551
10569,0xa109b495059f702818f754ee89bb9c6d8ade3dc8
10579,0xeb2efa25a92aea369facff87635ff628c013c65e
10586,0x8baeaf18aee449abd0a85c9e5ba3c1cfdebbb8a9
10620,0x654c24d1fbb029d0569b3fd9cfb98a8d32555555
10643,0x2075e237f1622fd2f7cfdbb4b00e86448d7c2206
10667,0xb30015ccf1944864afc8bf14eb8011ac885b53ba
10691,0x6abed1825dae4d5c72e7350a3b462f4b40aa3662
10698,0xd6dbb3aaf5cc8e934e4c37400fb11d61c2115bca
10699,0x836a9d009bcb8380955555525f2c573317b438c7
10718,0x6454130d460f20519d966ab17dd08aa24ead8b5a
10719,0x0bce47d560f70e2eb09e198c9ea68a593bdaea6d
10723,0x76f836f439311e0ac9249e341558b4e73cde9ffa
10728,0xcbd6562675157d71c5527a2f11a66a4587baeaea
10734,0xce86f68089fdfaea57d47ad97f4b3d432c730776
10745,0xf37f1693f4495cce116b7f0715618a0ac2904735
10756,0xed7ad3292923414a1bedf2777277d5f3a390fd6d
10763,0xdca7c6914186c21fe0083cd826eb650b02587723
10804,0x6c0a1b7732d03ecf9011b8db5eb7d62422918e71
10821,0xf3d95ffa0efc74026292f4be9869eb45a3a5eb52
10828,0x10131ed33b2629895201cab7350c2e080dadfdc5
10837,0xcd408d72278bd31bd22e3d01394a59df8a883384
10839,0x86538d5c5b23d6d34d62f20ce3393eb96576ada4
10840,0x1d2ea2743bca33149e3e1c058da214a3ec60a0b6
10856,0xbc0879774635ca4961abcfe97c7b832e448c5a3e
10861,0xa8cf541a77fe002d39da4e7438db35513fc44c25
10917,0xff6f7b2afdd33671503705098dd3c4c26a0f0705
10934,0x0632332779179cd9de245411e022aac1fee80139
10942,0x20220290fb098b246c257eac76636d2df66606f6
10963,0x0e67681d3dbb6fa964dce8a5ce74d14606451871
10996,0x448d9d315d857ce1c9f0ec66f6b004c90abbb226
10997,0x0999529afc54ebe1b66614e0e2817d2700777777
11008,0x4499b587a18d2850f62bd0340dc2ed89dc22e3f4
11022,0x39e56360d1c401de9dc14d4a798d770f21571499
11025,0xae57b723d01ccbf740bdc93dcd2b7ca15d3fcbd0
11038,0xb25aab40a7ac6f4e4612c6675dfafb6709e85062
11051,0x1d640e628aafb38e51932157ca3e3dcc4fbf01bc
11054,0x813d86be08ae6909432fca8c9e31b779a3ae0b12
11062,0x25256425699f8fe7bd37ee437200497388889888
11063,0xcee6e5b881e2a486b3e69636d7b7ea822e8b260a
11073,0x6d11d54a2dde81eb17cefcd1dc2578525b27abb3
11087,0x828b07ee0fd9986249264d40ef8a03d8dbc948bb
11221,0x38b758fbd318ab160a2cc2b87e8fc3640aea7cfd
11226,0xd595691d60b63efc7b4795dc31bee6031781f829
11294,0xecc5d5ba4bba8577c022935724ab53133caa013e
11296,0xde18dfb7ef98877f2827704875e065aafc23add5
11404,0x4d5867022935389d508f0aa2abf1534129af3659
11485,0x329746040d5d8bff4fc1e1f0f7d9ae23c7484ea4
11488,0x57c6fd1c9458b8198a2b0b076f2d8460189989e3
11506,0xcce5b410577af33436948d41dff0a0bff81c48c5
11522,0x88668658638ca1ed641fc33ee977dc9f66656683
11527,0xdb64d5b1149a321393c01342d6dff090839718cc
11608,0x3a3aa883f704a45f0c13ab081c94289150005850
17586,0x3c4449328424240f1985a21299d3ecb57a555555
18232,0x7d1667bca671f5db14435f6a08259d3cdafb81e9
19280,0x6a4ae0ce4173b2dbf5790b02446a10f0d796fd00
19382,0xba86f07944741c9913f7b6ec662c0d406e1039ea
19409,0x706d7f94e7a36eb4ed8078b79b18cf5f9aceaa1b
19467,0x1f06ec33625836c08e17435dcc5ccae9eb6a0b58
19470,0x611f9eb7421b6257d6930e2d212995886b69c6e8
19504,0xefb595764007ebe3a5ad760baf422f391b8f1420
19529,0xe9ceb7e74c0eef2910beca501c33fcd177b9e7cf
19608,0xddcda182f2a30d75d477aff334804c02d35b0024
19647,0x88e88ae62f89aa1ae10c499c0189b08d22200000
19704,0xad8095035818f66b32c5f1729901e9b81b0333e5
19719,0xb18ec3c0adb70a02e04fe24ee3b864fdb5fff204
19725,0xe632ea637b4b9bc58b62d7dee8c752962adb4b5b
19726,0xaa2f027311b0e76d9debd799706687725548eec1
19766,0xa978b0b127ffea153de15c02239334331507197f
19794,0x175741f03b05ae7318dee8426356c39db92a0774
19939,0x57a10730cefa4eb0fc49d7e1588fbbc2b4b0767c
20054,0x6e24119d837ef5b12981e1864dcb978fdc710656
20149,0xf5cb46cef480a5db7074e0106b8da532422ab6e3
20500,0x2bc1b88c0cf87d1b97c27d8130c3c4dcd9ffc415
20522,0x796a953512de9a57dbb51723362f46f97cb36ba1
20902,0xc99edcb9941646b036934a290c9aef05d486adb0
21078,0x6a5a3d72ca9c482b234e55c8f635c5a017a90735
21089,0x91341a954c41038b0c3982e929e674e554d73516
21097,0xa182c338ed47e4fd848935acf33bca7d0f0e9703
21100,0x14f24accc8f26255f1321613ba270b6e8f67c769
21226,0x2593a01f75a5aa12d327a9b10087f13965fed55c
21259,0x6f0ee160b8c3b2dab61cc3cbf68ade4b1d37c740
21969,0x29625ed2739439b2d7197fc383e8930fdbad55e8
22137,0xa6fa976752bfc92b2d5668518f9cf780477153cb
22215,0x117e5b7ca3d9cf57db9f0f917062ff8d97e0c63e
22296,0x944a3b863603e8f020cac75b947a36eeb5d3d409
22537,0x06d0c88aa85300ec7694c4ede299774da7abe685
22641,0x0783ab35326750c49f73d153064bee4bd99b77e6
22650,0x0c0cd37e126d8928f8fc22a753a740160c8016b8
23028,0x9242ce7a99bfb233d28d5687baddf13d30a5a8ae
23033,0xc01ec418f31e99b30ecbee4ce51681532bcb8877
23549,0x8952db526ab56a3570f855cacfb57fbe28cd1f64
23697,0x99befd3d93a8662d89fd099efe0c3e2f84042c35
24122,0x5a092e52b9b3109372b9905fa5c0655417f0f1a5
24525,0xf430684c31d255654563ea2098516cd6ebbb6d9a
24724,0x212250c76c1f1d9ca1f4b1a45c43533b68d94d43
24725,0x0d7d43b0a1ac4deba483cc4ccb1d473cf44069c5
24741,0xddb2722da5e63df5d014063c6dade4c871777111
25136,0x66963369c2Bc37AF7E034F2049FF9fD069F66696
25153,0x0030103fcae71ed027cefd99b89e064e11100111
25364,0xa8bf4deefc29294f24b59b7c746584e77359c7dc
25744,0xa92a55d1f98569da4aad6a0c5a2aca49d54e19b4
25779,0x00333203fdd6e75d8f2272695832157144230222
25821,0xd168a574edd0b9de81698c27d388f81ac20b5d0a
25824,0x1ccfd43dd3e9b9a27068bd7946347eb8adbbd875
25872,0xaa453b46651477fbbb71d5ae4d5ef62710fc098c
25882,0x4f75f21cc620d223e1bf97dd4da6b764c50889b8
25915,0x555002224d0999e1712f87c6a557a0e433372732
25916,0x1f11ff5128da7aa8ddf1d28f0d33622551111616
25974,0x11183858d8f7b5b4c70756ad897e592e45454555
26012,0xc846f66d7a6b03281fbe8ee1b3ede95c3c39ef8b
26015,0xdaaa19260a660e5ba8c44dc3d347c292e92f898e
26121,0xe16f21943fb65a57b6e6e43c430ccb1f2aaf9a79
26313,0x66630630cffbd7a3a3c70d57b8ca49d487ee7e87
26588,0xaaadaaaf51b7d081e98e32c08f33103925799c19
26663,0x346abdadf6e2d83e0ef2eebc4ee54a882fcb0135
26670,0x55535311203b2aa89b6030e953ceb41b05500444
26884,0xe391135ee116ca6e41263c37983ea418ebb8c052
27190,0x5cd908a47a074e9850ebe6c215d3bdaf9297f95e
27539,0x0a0568f24fb128d34b72837350e9824377b9c9a7
27862,0xe383d1afc18a1c6bfa1c9bf1c1b1691e7033c1a1
28193,0xd2c7d9969f67e6e3bca5c41188c0516522115410
28798,0x1b27cdff9c0928a2b0d5e1d7317feb592daec44c
29144,0xc6643a978d9d8a2f900054ad6db805d801c35dec
29145,0xbfbfb2a82aa6f38141da1266f9eb5149c0a024cf
29317,0x1dc0599c4e8d6df972177d4f840cbff72506cf4f
30517,0xb0054cec4755fb20de5283bf1fc62dc4f2c602e9
30620,0x4447488790c3859ed8537a920279f4ba32121113
30688,0x772227229da53113279327d7f7b104617c7993c9
30716,0x9250cd021721acaaf1b82f08439a74c68b24e6a4
30723,0x4c1f9d55b5a4afbc557ca7a0128f0637029ccb62
30808,0x787087f793b62a1f2fcb1be4f0f035f477a2c7b7
30854,0x21e3b743f31078a769447d6b39edc87625cfa22b
30856,0xcc09333c5ec15941df745ab5d998f2f022c22c2c
31110,0xc99963c67ea033ddd488ae14a0955e977d23d64f
31124,0x21ec49444209984fa09bcb898d1b4b4c2d16a8f1
31130,0xa88a7679345ab1f023513fd01f790f85d93f1931
31135,0xc689e44b85d8e4fb90e955a79379e81f205d44ed
31138,0x4c09e87e377688b84aefc4ade2e67466628c3fc7
31145,0x92424929b05ab495a71a211e185371c999a97aaa
31147,0xb2266006ec7544fc4205747cb539e7466f6f66f6
31150,0x7cfed9bbee5595a103ac6267d782c0eb46a66938
31151,0x883bb8837ac60b4b2e51f253d37c451622888666
31163,0x433499499afcadfe52978436d793340e95e99555
31167,0x54035f8a4930ab4a454bb599076a935a8c380f0b
31168,0x1f1c9aedfef40797aca23be13b3672be101c1266
31178,0x036f0495bc9fb5ef97486d61dbe3b56d8853db20
31186,0xfa1558c30d5eb6111bd29d46e1e885204d008e0b
31187,0xb410bbc5fb8fbcb03ba991796728bfc5e97c51a8
31189,0x1341407c306f2730366677e93baa71934ae440b3
31190,0x33777173eac2a210126b392a3a9bf0f69ff93f33
31199,0x14483514869cfc73be2bde4d6203b2ed55858555
31200,0x865ef53edb38e025f85615e73e7b89796d8b9bc6
31202,0x177eeeba230ed58f5ee52132fc54955d78a85b7f
31203,0xdeba33e60cd18d015a7c9a7b0227efc9f8c13688
31205,0x09bb33933d2f2fbd7c7b92d0b030cbb461c16c01
31209,0x4d963a1f6679345a128adf575f62eae1a19313c1
31213,0x9e82a56312a310173d4c11fdd83eb394ace250b2
31221,0xa2e7851b31eb167a952e471f109baa8c87a505bb
31226,0x4219c7e17cba86e27710fe8421b62028dc273cfe
31227,0x2ba35879ee66a8971cd4f4a0c1b0bbf1b0419b7c
31228,0xb27f31bc1d0ac06546197174a927f3539c011b89
31233,0x5b2dcab2175e37ad7637edeeff0c01026d9ec369
31236,0xabdcb3ed0d7d1f92198f42b80ed649504237ce0e
31237,0x49050013a66208641390ec59e30b5af4b3d22028
31238,0x29f03731525711307f56670dc46448e7930e7789
31240,0xd9cb9b50d52586b52da2cb1b54a7afad35ad9666
31241,0x91230b0762c648231ef4e725157c4fbc999565dc
31244,0xb888b88b4c77ffe0acb9cd29350d6c9d3f3f9393
31245,0x8d9523d5bce0f975ccee22e8517bd8e46849574a
31246,0x070088782308380bb732abfe054151f583800603
31254,0x885c511aa5c6a3f7fb50fb803e749eae594c669a
31262,0xa23248f61dc4e1bdd5f58e113db68168ba25009b
31267,0xe245245efbf8f67a1e7cdeae0077642b72777777
31279,0x0dc6b48ceccc73919c2dce46f77d84618161037d
31284,0x1d1f0c0ef2e68979033342c592fac07095417fc8
31288,0x257d13cdca3ba928262b4290f39e3a914cc0b628
31289,0xe16e322ba885d0b68ee803e9e399ff6c89203fff
31290,0xca66e9c13d435901d5dca3c5e2a423abed630919
31291,0xae7936ee7665d4cfd4b30ff9c7bc8d20623f89fc
31292,0xfdf04e82a9df9ba912461f1c2d437f9fab631992
31293,0x8f2064af4fe3466b79d5bacb900347dc35c4afa8
31295,0x5c138691693275fdd32fb3e4f35aab3c9b460a34
31296,0x69f5be6d9095601e8ac170a457315005c9032214
31297,0x1f29e83f0855c07983dc8ad648f8ead9d415ee0e
31298,0xfe2b7acbe95dc90811b8be8df87a327c36aca013
31304,0xb2202e006edcf2cca9ea901189220c2400022000
31305,0x996057c178c5d5f65fece14de9adb20f86aaf60d
31306,0x9da3a252cd231bd5d733e94a2af608ad46318874
31312,0x2e2801b138114cbd71725553c44e3abfd4c47ba3
31314,0x336c143510fb9729dad49478a6db94890c08323a
31315,0x66631363be136ee9bc1ef0fd910f9ba201603336
31317,0xb3da44c4f92e125820472a8dd461b3b68ee09c36
31323,0x630666302b985e53889ae83a3598e9a939398399
31324,0x0be6b08b0795b5754eb411f0e77ba031b6dd0384
31325,0x649bd3966887251dbccc5c1a65cccf42e705ab0b
31328,0x32ca6153ba48dd3b2ed1d344b73285742e8d6444
31329,0x8d72bf8ea3a42c66affe0a8c06f0734e1bc651d4
31330,0x7b3a4fb19d26330739ea15fca91f95543e1b4fdb
31331,0x89ccc60309ef99c4b38c8ca772564c25f161e83d
31332,0xd106654d01d7f3294c544a24d274d5a56744a637
31334,0x912fb62b23106dcc2c13a3002158351eaf991943
31335,0x3f8f1f1f5b34768dac39b7b340c7aa6dbda212dd
31337,0xbba333df1b8b7eb2472123a0bd1b6b4ded3dc4e1
31338,0x1fc4e6e2ab9063cb980b2a2c90a77cafed4a6bbe
31339,0xb2568931ff5fe4957661404b05ce2b58e89118b1
31340,0x585a4a060d23d29109df48fcabe1972e977f457e
31341,0x1c3f8d5f0c7c763f71cceefd007f8ae7723c279c
31342,0x8099b90cd0a069e5aead54855bc94b159b7b6cb3
31343,0xe5c10624056aae71f0a455afff833c485c2d7ad9
31344,0xf3baf3d11203e8c806715e2e08a5ba431ab24c2d
31346,0x35067e0b443d3df641930dbb4595730602d0fb6c
31348,0x40d61e4b55a413686d9e29c992fe3d6785ab2337
31349,0xf61623f6f6ed3da04fca82d1f41b33b6f827b349
31351,0x5345e9abf81d77373597f42b5faf3f30ca75b2fd
31360,0xfb324fd273f2c4b699082302f175b15e1a3dac3c
31361,0x9f99055052067104879b6e655e17a8a795095905
31362,0x332736327ab6289ab6b9fd49beef746576772766
31363,0xdd2131c3df9a47b9b199bdf70339e4897b5a659e
31364,0xf4df1a3b0e505ed7f4a1d0fa23b66273085bba62
31365,0x5acc2cc925724c73d58ec2d61c1c966e74a87e9a
31367,0x882222f9edabaa5ce9243414ce42c22333313111
31369,0x47627a5fd396c5331c21a0c14b89fe2481e73e1a
31371,0x976696678a1a6a22b39200881368709973636636
31372,0x62f669863ac40a604e535f75fee2d33268868668
31375,0x2a2b1ce290339d76b4ffa58fd75a5ac53e1f97a6
31377,0xc4120fd06e5cc9bb49e969a34c84ab49119460e5
31378,0x779428610cee87b192141e490b6ba8d3b83f8856
31379,0x2af8f67242c905c645f758b2f691c38dc0a55d18
31380,0x44646577ecd026b58084e338bb1de0e796666966
31381,0x84984984f7293bd7698ef471e96b98c69339b333
31382,0x19313116991561f1a03c95cc8fe09b2d96336366
31383,0xe511ee51fe4f376c523027be2f71ad2211116000
31384,0x045ab19a51b0fdb0c0bf15957fba7d1bad89717f
31386,0x66898558238d052a2b56a717e1d44df665686866
31387,0x48245be83a65f9cbc1fed1666109895ae70c5ce7
31388,0x160199c90f8033373db35933d32fabc055cc88bc
31389,0x62f6daa028056cb4873afc06a88d8716e6f616d6
31390,0x06080608ce521d4bd6372ad726d76f9d84481841
31391,0x0346085a2bed81b947865a93f74c081146852326
31392,0x4fe0f50764811ef768cfe5af51fae7c29f363b19
31393,0x28e6f4e5b0d82a6439a9477d5e01acf20f02c1e6
31396,0x55575255acb320fc9cc83d41fab277ca33369396
31397,0x9e9ec9cac5c9025127032624b24cb905673bcad5
31399,0x3dd6c89fbf765546cee526cda1e61dbc3a94ac73
31403,0x6da96c72115f53f38dca09696f7ec30afa28860b
31405,0x8988970080df501d56417752043ec6e870707799
31407,0x14c197df6b0ee613cd2807a4d19a34cf5c28d11d
31408,0x1d4a08e6152ccff7ca53087ee5a6cbe978a7ec33
31410,0x28252258e8acc745053c074f017338b655a777a5
31411,0x336766969384101ed91d371beda6c6d967376377
31412,0x87953314713d1fe845f9cec0d7a5cb62bed32ee1
31413,0x66888688e7068708e0c817e7aa55f3ba133f3683
31414,0x33333666376a69b99c5928eb8bb6486e1e91109e
31415,0x1181f91bc12330e004fd694a5c3f79017adba5a3
31416,0x4abe6715dee9c7e73a45ae7f97ad657958168388
31418,0xb9896c664b0fab0eebba3a72966bdf029ff33db6
31420,0x628cc692aa75f76976ec7062f663df6bc1c63f44
31421,0x6069d9096f2dd8dcE908273C611AF24a22202000
31424,0xc90fe72760d51de3d44bb608225322ff6da85299
31425,0xc88197570e51f9355fbd95f857ddf3109631a167
31428,0x0be6bf5751392e96e82ca62ecc55d311847b9aba
31429,0x4a5cce943f2f51f3a3582ace912394aa62320d83
31430,0xcbe03925c4973c6f9616b3b79faa6b8f31961c05
31431,0x3f1647e0820778fa268434ec8b8c4a84602856c4
31432,0xcdb3f84320bc9e7a9c6607959222d20ce1f4a797
31433,0xde22ce1c737f1f2aaccec5cccf743c995ac3a3ec
31434,0x9a4246b3ad664728033692c4c832a071fe6d5fba
31435,0x4b2ae1445f6beb8e52fb0173feaf25cae1cb75f7
31436,0x89aa99854a8a2b87c52ddff552b6f41e53d9b08e
31437,0xc75fd1a8688fa57c40b4d23c863554fe238cfbbb
31438,0x44354c5b8b01bfd79eb0179a8226d1fca5e1498f
31441,0x261f68b706563e43cf99a9bf06ace9dcb14fabe8
31442,0xfb4a9d6685b2632f1753ade5e9db3ceb6d573082
31444,0x77100071a484569e3d47574117dbe8d2aa577a77
31445,0x55115515b1863a6766553f3ff827f35d3311bff1
31447,0xa2a47ffa9f2db6dba8488f259e4e6ea7ebdee488
31448,0x333233322faff6aca8cbd5027aa4f16ea2090029
31449,0x49636486b9abae086f84a5910cb3092e44646664
31453,0xde87c23b9118ca23451ce09af466adcc01cd3fee
31454,0x8c288e85fc15ad8d37b71681d4790fc814a6012c
31456,0x840f9a24be06fd1c6c9f42df9349d64d78794eae
31457,0x73ae6eafc4f31b6ec9a4c890670481fa3c2731e7
31460,0x89c3bcccaadba225118730a7b8e09d9fca966dd4
31464,0xd80d801672f6fdf904ce6d50f3ec4d462d707d07
31469,0x9c06045aad8c0103508d08752f60f9a5da37869d
