10002,0x59962c3078852ff7757babf525f90cdffd3fddf0
10009,0xef041462825bfdf79b2f1f02a70b2753cb5b1516
10016,0x22296fc2421d5fe36e462123565f5f0737888888
10028,0x3ee954a4bd5b65f0df1b9f596bfb11a6111ebc8b
10039,0x307a4212628302e0be95f91f7c1f5c136aaadb53
10045,0x008852b664292c50f27dd7ad94c6449bc8777777
10046,0x8c55e66321c05efdee98999cf6692d1086404c1e
10049,0xc7ea21222716b63e39953c45b55e742a25155515
10053,0xe242856b72fd9925e312f5ced33c96628e979697
10063,0x66677777228ee3737f7d5d3a4ad494ec90700696
10066,0x0012408113957f32346039500f5797b15d666666
10067,0xb852d019a810e96dbec31684c95876ea42111111
10070,0x23535535ecb2ce13732f9376ffd5f9a432353535
10072,0x06aca72a9a86f6795c6fff4f570b230103615e15
10080,0x105055c1a48466220ae8343df234f26f05555505
10090,0x548678d6bb65869038bcb26daac6ea337c222222
10093,0xba4d62b51c7dfee6b5d59dc41e024616abebcb85
10094,0x576847758a6a30c18b34be86ef6ad82562ecbbba
10095,0x41048e031807924df58953969abae8e892bd5426
10096,0xb116e8ac82beca406b5a6175d0cd00d1bb3cb3bb
10105,0x5135671666656335a97ee5f29fe672efc399c1ee
10109,0x719319c1ce2460b9c35e3991dafce7cc2ddd5079
10116,0x57a446a1f411e82b0fa73a1f6551351ea7d18512
10120,0x899898997ea48fa4f60c206c8f87465265656536
10126,0xde5129514feb373b91d4f25158907c843d602ea8
10127,0xd24be0ba9dc85f25bd4b5cb069a27d02323307d7
10149,0x7d5a9a0203b80acecb24fb99b9aab23c04f31fbb
10162,0x84e29b54fc21f3821560cf6537bae5b243439769
10172,0xec9ce622bafb968bf096a373b12e4c6bd9814575
10178,0x333333ca5dab22e8ed1c2f86cbea03368b286459
10195,0xc9d0f112f716bab08ba6f4127b65a73e172c6fa2
10202,0x30fba8f4769baad6329ad920776f91eb2e125c25
10225,0x33166a0df72acbd4ed0f6afb7b2a14e992ec7d1b
10261,0xd3b72f5a99458f62d9a9cd08c24fbcd0abc899f3
10264,0x333398889d618d094f70d37f8e2f29a838306868
10266,0x73333333c8e2186e0ce600b44279ef03763a333a
10288,0x30c247a5fc7488324f7284856edcb4bba29ba14f
10299,0xa134611a8706e994c5e3be2a59d3869d72eea7d4
10316,0xd838d8fceb15f964b80852f7da4123e30b977450
10326,0x91a3b06f126f6c66e1f9d2c0a28a3a66d7a28bd8
10388,0x115551110802ca1aa7d797e5076de5bda7a8aa28
10415,0x2392b9d84a4273e238e19c2639aa3d8696c5daa6
10524,0x898207eddd6a13cfb2512af00ec2b9c330bba157
10641,0x7700c3b272a9c3192ac60e21feb26c4372d7afa2
10667,0xb30015ccf1944864afc8bf14eb8011ac885b53ba
10677,0x95d917c6f72faeac914e1f27e1c84767029ebace
10679,0x1dcae18cf1f636983e9422377f54b6b77b21e6ad
10692,0x7f850e0b7b5a6d5535ee3953e83ba3cb0fb5050e
10698,0xd6dbb3aaf5cc8e934e4c37400fb11d61c2115bca
10718,0x6454130d460f20519d966ab17dd08aa24ead8b5a
10745,0xf37f1693f4495cce116b7f0715618a0ac2904735
10917,0xff6f7b2afdd33671503705098dd3c4c26a0f0705
10997,0x0999529afc54ebe1b66614e0e2817d2700777777
11017,0xb8739981439216565b7646923b2d88b0bf573d1f
11063,0xcee6e5b881e2a486b3e69636d7b7ea822e8b260a
11202,0x0a9e1aa316d0eae56521503c577be55079a2d2ec
11291,0x2bbfe5650e9876fb313d6b32352c6dc5966a7b68
11318,0xf68c1ed7f2038d9ce0ba7fc8d119f0429e5867a4
11380,0x9c3fd6fb59e4390756a88aabab0448e4055b5634
11417,0x130703a240063144e08f62b51f32cbb770ab8d58
11506,0xcce5b410577af33436948d41dff0a0bff81c48c5
11803,0x0c3499a325b47b5950f731263fea144ac95f6bbb
11812,0xf39641be7e317b7de4e5827f724a1f28f6d5eea0
11818,0x8d50ba56ada4d2101da547c69be792ee08718b54
11833,0x1e374d5397acbb1a6471ed01373c10b9b9adbcb3
11838,0x4eafe853cd4098c461f21548112efd45ba9df8f8
11884,0x9c36e7741cfb57b71406bb3622d3aa9ea0621970
13601,0xe47143fd51814dd62fdde1e283fd9e17d497401b
14269,0x765ad3ff78415831d9c69dee1cd5d56d09736adc
18269,0x36b873a52dc210f2ea0e679dca5cfc815dbf6c09
19794,0x175741f03b05ae7318dee8426356c39db92a0774
20522,0x796a953512de9a57dbb51723362f46f97cb36ba1
20889,0x8763463649c9c14bc5185a4692a51f9103a48b01
21122,0x45f4d6be2e25e0c02c89c77a53eb295b7e3a6dce
21956,0xa34a3fc9efaafea5cc5215886eccd2adadf316da
22641,0x0783ab35326750c49f73d153064bee4bd99b77e6
23697,0x99befd3d93a8662d89fd099efe0c3e2f84042c35
25100,0x9e16f0f8e81f753e1fa6fd18d6f09036bd7bb768
25794,0xc906fb210f7928a551cde5ad5b5d5733de866040
25821,0xd168a574edd0b9de81698c27d388f81ac20b5d0a
29074,0xc5a215cdbb69231b2e0f70613afdddbfc1e12c2d
29144,0xc6643a978d9d8a2f900054ad6db805d801c35dec
29147,0x5c17b413812dd06119115468e629b428a9c1508d
29153,0x8732e5de437cfa0cc8ee514e82e40d91e0f27b22
29215,0xf997558ae6ab4e5b7df35b6686becf512a50202c
29315,0x62807023d6398e747b9e3a513c418558c6b2ce7e
29316,0x15ba752d8501d03d5339b40019d61eccf1ae34a7
29321,0x553176b5c895ec64e5589035778251dd57269844
29330,0x6cdaec38592c44d9e6142e87d9ffb4c9adf5d756
29331,0xc4ad8f1904874a498a3ec01505315d16a2619850
29335,0x41e114cb39859ae7300d84bc27f9ef0f609df703
29336,0x687f956a18fd757f21ff2c1f0334c589a6bd4d1b
29337,0xa93516b96623f37520a59293542aaa0db2b9f530
29341,0x2d5fd825189d949c297869d6cfe59721367086df
29342,0xc90d8a29b726b338a8082ded0d6e24b5fd27d627
29343,0x7150241ac07a6cdb0deb4164248f34a59c7a665a
29347,0x85e28930e2c88306dec38038d835dc3996f257e5
29364,0xc6310e42791ab3b58439e8815414eec59bf9d612
29365,0xe8f1790fca97cf8b82115ce4c5c1c10613617bf2
29370,0xbee7bb8d1dece2a51f6eaa9c10bd67009e87eb1c
29371,0xe5f62a2ac8e867e80798829797e2fedac49ed056
29374,0xb2aadcb1e5300097ac5d06ece2b0acbb7e81a54a
29376,0xfd99101a833d3d551f7e0ec0b1b1262ed1accba4
29377,0x8bceb4eb63a3d8922dc584198ee811f392856bfa
29380,0x604c8293ecac01c063ac0a6eaaa389e08623fba3
29381,0x5fa85b06fdab2cc63e7f43e15d5b883c5a05a675
30381,0x87a40539b3f0ad7dec878f332ce1ba01f90f815c
29187,0xac6b810dcb0c84e76f3dc78688b627ea1d9f515d
10861,0xa8cf541a77fe002d39da4e7438db35513fc44c25
29392,0x249f8782db260899c8ff0fa8e332cd44a3e87385
29394,0xe4ac62de3449be1fc666dc9c8ad81ea480d247da
29395,0x12e17efef120b278a610fb6667bb337c5f326882
29396,0xe528ac06f29e3dd55e626259486b4552e8db69a3
10099,0xc9ca94bf53bd73a15c639c3b7b012d3b28da1658
29397,0xc53ebe2d42a8150f414a2c233d7e1555ffa88dce
10012,0xf89265592fbb265e79e05656cdc0a59be0d0b656
29145,0xbfbfb2a82aa6f38141da1266f9eb5149c0a024cf
11267,0xe9e0557f8c73d7247fee9577b420d96adfc97ff1
11266,0xeb4c50df06ceb2ea700ea127ea589a99a3aae1ec
12866,0x339f94e26af61b8587fe2dbbf21ff37cf8795a9e
25836,0x7e6f56800dfc0ead3a203f6fe07804e004503046
28548,0xb66cd4b44b2bd97b8cd50bc058db5e366f3683aa
21662,0xd0554b8dc33b4be4bee98718a7b5f8009a67a6b7
10088,0x92d899980e60dd9c4441893a386e1c0b88889988
10031,0x95be3d2282fe7efa0e84dbbd283e7410aea03dce
29399,0x3b2c857e89491bb9c2b6fcd52697f0755721f97e
23028,0x9242ce7a99bfb233d28d5687baddf13d30a5a8ae
10873,0x771176f7ceafe5835bf0f562d49cb73993999999
30394,0x530eb6f15783f703b1ceb2eccdd0d504c6943581
10030,0x4c381276f4847255c675eab90c3409fa2fce68bc
28301,0xf6b5366a13aa9419de5ae2dc05eb171dd7dcd353
30378,0x67673737d45d09254165751236b271ed73667273
10148,0x999999b2178a3d4d86df82ca1fb14f1f27629567
11008,0x4499b587a18d2850f62bd0340dc2ed89dc22e3f4
30399,0xe6719f1fadee50c645485547d2d2bcf1224b4747
10118,0xabb315a609dacf9a428bf292d630ae9385225187
11485,0x329746040d5d8bff4fc1e1f0f7d9ae23c7484ea4
10150,0xb81200259e1334f39cf68329367411772353eeb8
25993,0xcfae34021e0f260c753d0c3210e9b25fbbdf6511
11827,0xfb41afe839edd0a5cf5f5d1359e2e7bb57b87796
20323,0x06a5fb6c9877e4ea806c8b71981a1ee68e28ffc7
11835,0x46aef1f4da528d1fcf08ed3168e6dd0162b0caef
30392,0x61bb94915a21cd0b5e9d6c36b810aabc8de6210e
11307,0x933650184994cfce9d64a9f3ed14f1fd017ff89a
16419,0x5fc7467f7b58fba859231c0df65c78d17271931f
11344,0xc15792b8578fc26c10de7f88191ecff579151866
30407,0xeeac02c9323ea7999d33c206a7ef7ef11b184af8
10029,0x444444bdc748d7b6a732e9ce959a482d4f7d7999
10699,0x836a9d009bcb8380955555525f2c573317b438c7
11566,0x522c9a3e5857a58373f072e127f00f7dac6d6969
25810,0x23b87ea4ca2a57ebabdddeb18aa3b3125005ef6c
12654,0xcf9def84cee6123f8eab95b81cefb204876226e3
30393,0xcedb62a7672e6415086e8f8ec0a8d73cb2c4f88c
20354,0xf7bd743caf55cdecf665c6b52777c2f224ed596a
28969,0x4aae361a89b3657410e0140a4656a000441e240c
30420,0xfc942af3d4c6bd0e2e45623e6570ea0b476fb24e
20672,0x0a15e4953f438eabc49073d5f29ee852a8423435
12356,0x900f944d142f164b9dbc4e91ab578cc9c9a0916d
22215,0x117e5b7ca3d9cf57db9f0f917062ff8d97e0c63e
26313,0x66630630cffbd7a3a3c70d57b8ca49d487ee7e87
10065,0x512a46857a63adc36fa7f44d7833cfb85051dff5
29382,0x1b23b0c319b078d62c7291423c71aaf33dc0d17b
11135,0x98435da87a12c2f2d7b068eec4e445a9cff9a75c
15174,0x1678214e244ab9748814a8641912cd0664138c52
10071,0x15665611609961e8455e9111fe19389711168668
10665,0xf4bb21763e3c7e394ed9e15e1ce248dbc50c7296
10018,0x2d67755c3ea0f209dc4965950e57e4b703d270d0
10084,0x8849bdf80394fc7ac4e937543a1470821642d40a
30426,0xba96da0e769897ec76fc4c820cf8e305856b0b47
21843,0xf8878602db9ec79d567ea6a155374e27b9acfbaf
30428,0xd5b7c328eeb244bffa6fb194f6cc760bdf534501
11038,0xb25aab40a7ac6f4e4612c6675dfafb6709e85062
10746,0xd5a452bf07595e165e6958bc800fa49ec24fd96a
30421,0xc0fa61f970207fb513ba83f4a622294421d3c167
10110,0x940977a088ad9082a4cb0a70bdff5c1e77880994
30425,0xae82803954d93e9ed1e4f4f56a675c6e15297908
29400,0x558f23c8fe3fb6b54048963b0d0cd7353ca82ea5
30385,0xb1d43165484e44b6bc04097cbe35083345ef6a01
30455,0x74952b789228eb04d25220de1c2fda3433cb19af
10295,0x9dbba345d5d8e0fa3a054433a5fba7bef1166391
11801,0x9254dc142566bbdefa0d44411d67cc47d3ce41bf
11268,0x6b1029c9ae8aa5eea9e045e8ba3c93d380d5bdda
29213,0x40f51eb502ac737b4874925feac8c970f9b01f74
11830,0xdb5c4078ec50ad4cdc47f4597a377528b1d7bcdb
30443,0x9947a1c54cd439037f169c9ee165af3b9c184752
11873,0x7154a02ba6eeab9300d056e25f3eea3481680f87
19551,0xa91d2777ea09c311a503b1c4d756550fa0d05e0e
20474,0x100e0111c9d4ab70b0ed51e3d7a5d14d6e996666
20709,0xbee2666ed3d88fb8f5d9c5175d9b5ece84f2388a