10438,0x8cd59d7965757a99e120fa42cc74baf91628afe0
10295,0x9dbba345d5d8e0fa3a054433a5fba7bef1166391
30393,0xcedb62a7672e6415086e8f8ec0a8d73cb2c4f88c
21843,0xf8878602db9ec79d567ea6a155374e27b9acfbaf
30538,0xf734289e19e17d208865d25407fb9c8bf87cb72e
11801,0x9254dc142566bbdefa0d44411d67cc47d3ce41bf
20672,0x0a15e4953f438eabc49073d5f29ee852a8423435
30497,0x519ea9f8a5afffb595594d84d3342a586cc898e4
30567,0x43a110b88e377f48f0b04d3f31e8b86d95b42b1b
13601,0xe47143fd51814dd62fdde1e283fd9e17d497401b
30500,0x0ed8e0faeed652afe9960f6f287c69e178b56d6d
30602,0xa350973d00c608b71e11bd9688ce2e3ec9490a64
10065,0x512a46857a63adc36fa7f44d7833cfb85051dff5
30543,0xc15258716ec171ecf31bc7f12742907017571f07
30515,0x654d250d18f97ccfb403f65886adf996092055e5
30596,0x6450f4cf7b63443296155b83b7702022d4ca9324
30525,0x4755e9d35f5a55a9937eb60c98089620d8d62528
30428,0xd5b7c328eeb244bffa6fb194f6cc760bdf534501
10116,0x57a446a1f411e82b0fa73a1f6551351ea7d18512
11821,0x0be8de5b45eba11222de995a0a700bc6a362a8dd
27354,0xff63b4b32509e7b593d846fff93bf8dbf83a2161
10873,0x771176f7ceafe5835bf0f562d49cb73993999999
30394,0x530eb6f15783f703b1ceb2eccdd0d504c6943581
11008,0x4499b587a18d2850f62bd0340dc2ed89dc22e3f4
14416,0x9ef7517bb9428c70f066134b9ad67f2572caacb7
29144,0xc6643a978d9d8a2f900054ad6db805d801c35dec
20522,0x796a953512de9a57dbb51723362f46f97cb36ba1
25821,0xd168a574edd0b9de81698c27d388f81ac20b5d0a
29213,0x40f51eb502ac737b4874925feac8c970f9b01f74
30539,0x38b964170edf47940a7f70054fae15c4f596e12c
